{
  "tenure_months": {
    "mean": 30.245833333333334,
    "std": 16.972638510867206
  },
  "num_complaints": {
    "mean": 1.1741666666666666,
    "std": 1.111993591263644
  },
  "avg_session_minutes": {
    "mean": 35.123675000000006,
    "std": 11.83769528959007
  }
}